,Unnamed: 0_x,id,nx,pol,normalized,tint,wint,syserr,l1_lambda,l1_noise,tv_lambda,tsv_lambda,gs_lambda,rt_lambda,ri_lambda,wamp,shift_type,extflux,init_im,init_size,prior_im,prior_size,snrcutoff,lmtcal,lmtfwhm,deblurr,ref_type,ref_scale,psd_noise,psd_a,psd_u0,psd_b,psd_c,brchi2_0.050_60_hops_3598_lo+hi,crchi2_0.050_60_hops_3598_lo+hi,brchi2_0.070_60_hops_3598_lo+hi,crchi2_0.070_60_hops_3598_lo+hi,brchi2_0.100_60_hops_3598_lo+hi,crchi2_0.100_60_hops_3598_lo+hi,brchi2_0.050_60_casa_3598_lo+hi,crchi2_0.050_60_casa_3598_lo+hi,brchi2_0.070_60_casa_3598_lo+hi,crchi2_0.070_60_casa_3598_lo+hi,brchi2_0.100_60_casa_3598_lo+hi,crchi2_0.100_60_casa_3598_lo+hi,brchi2_0.050_60_grmhd_3598_lo+hi,crchi2_0.050_60_grmhd_3598_lo+hi,brchi2_0.070_60_grmhd_3598_lo+hi,crchi2_0.070_60_grmhd_3598_lo+hi,brchi2_0.100_60_grmhd_3598_lo+hi,crchi2_0.100_60_grmhd_3598_lo+hi,2dnxcorr_grmhd_3598_lo+hi,2dnxcinf_grmhd_3598_lo+hi,brchi2_0.050_60_crescent_3598_lo+hi,crchi2_0.050_60_crescent_3598_lo+hi,brchi2_0.070_60_crescent_3598_lo+hi,crchi2_0.070_60_crescent_3598_lo+hi,brchi2_0.100_60_crescent_3598_lo+hi,crchi2_0.100_60_crescent_3598_lo+hi,2dnxcorr_crescent_3598_lo+hi,2dnxcinf_crescent_3598_lo+hi,brchi2_0.050_60_elliptical_disk_3598_lo+hi,crchi2_0.050_60_elliptical_disk_3598_lo+hi,brchi2_0.070_60_elliptical_disk_3598_lo+hi,crchi2_0.070_60_elliptical_disk_3598_lo+hi,brchi2_0.100_60_elliptical_disk_3598_lo+hi,crchi2_0.100_60_elliptical_disk_3598_lo+hi,2dnxcorr_elliptical_disk_3598_lo+hi,2dnxcinf_elliptical_disk_3598_lo+hi,brchi2_0.050_60_ring_3598_lo+hi,crchi2_0.050_60_ring_3598_lo+hi,brchi2_0.070_60_ring_3598_lo+hi,crchi2_0.070_60_ring_3598_lo+hi,brchi2_0.100_60_ring_3598_lo+hi,crchi2_0.100_60_ring_3598_lo+hi,2dnxcorr_ring_3598_lo+hi,2dnxcinf_ring_3598_lo+hi,brchi2_0.050_60_simple_disk_3598_lo+hi,crchi2_0.050_60_simple_disk_3598_lo+hi,brchi2_0.070_60_simple_disk_3598_lo+hi,crchi2_0.070_60_simple_disk_3598_lo+hi,brchi2_0.100_60_simple_disk_3598_lo+hi,crchi2_0.100_60_simple_disk_3598_lo+hi,2dnxcorr_simple_disk_3598_lo+hi,2dnxcinf_simple_disk_3598_lo+hi,brchi2_0.050_60_double_source_3598_lo+hi,crchi2_0.050_60_double_source_3598_lo+hi,brchi2_0.070_60_double_source_3598_lo+hi,crchi2_0.070_60_double_source_3598_lo+hi,brchi2_0.100_60_double_source_3598_lo+hi,crchi2_0.100_60_double_source_3598_lo+hi,2dnxcorr_double_source_3598_lo+hi,2dnxcinf_double_source_3598_lo+hi,brchi2_0.050_60_point_3598_lo+hi,crchi2_0.050_60_point_3598_lo+hi,brchi2_0.070_60_point_3598_lo+hi,crchi2_0.070_60_point_3598_lo+hi,brchi2_0.100_60_point_3598_lo+hi,crchi2_0.100_60_point_3598_lo+hi,2dnxcorr_point_3598_lo+hi,2dnxcinf_point_3598_lo+hi,brchi2_0.050_60_ring+hs_period30_3598_lo+hi,crchi2_0.050_60_ring+hs_period30_3598_lo+hi,brchi2_0.070_60_ring+hs_period30_3598_lo+hi,crchi2_0.070_60_ring+hs_period30_3598_lo+hi,brchi2_0.100_60_ring+hs_period30_3598_lo+hi,crchi2_0.100_60_ring+hs_period30_3598_lo+hi,2dnxcorr_ring+hs_period30_3598_lo+hi,2dnxcinf_ring+hs_period30_3598_lo+hi,Unnamed: 0_y,brchi2_sub_casa_3598_lo+hi,crchi2_sub_casa_3598_lo+hi,brchi2_sub_hops_3598_lo+hi,crchi2_sub_hops_3598_lo+hi
0,13,13,75,PI,True,120,-1,0.0,0.1,0.1,100.0,100.0,-1,-1,-1,1.0,com1,0.0,tophat,70,gaussian,140,0,False,-1,False,none,1.0,True,0.02,2.0,1.0,2.0,2.9666760239715617,1.9548201624316024,2.582982133112502,1.7201245534078546,2.1581099476860994,1.4109846972662026,2.936251718681681,2.408317717222267,2.517883774599156,2.038001056171628,2.076758078893128,1.5971048208887653,5.581254881925198,1.895664377908965,4.325762755032218,1.6759768392673604,3.2158488110794994,1.3859636035936072,0.680954293240844,0.738731474320895,3.638430403738461,4.087275067322768,3.163714827156026,3.3970781448016787,2.59586779902178,2.6126394659350174,0.9377557071944956,0.9422435389871904,3.139656534578071,1.6614588930341738,2.705978582223097,1.5266424357237849,2.228487981600662,1.3178313920580684,0.9719749586056674,0.9732827222457382,4.2285605552561805,2.547942737671941,3.778528518484292,2.167096018247761,3.222121680462872,1.761292461821161,0.9437352073160636,0.9483060078781306,2.530914946719434,1.965193548148978,2.1957151221948763,1.7771279789454784,1.877655175150239,1.5114742889575103,0.9612093036989474,0.964661737806354,3.616067776124535,2.7093814685815336,3.265234998495936,2.44166992909564,2.842125112254577,2.0698374038192826,0.9294943989334514,0.9345213183082808,2.8311371211703,3.0446582236104427,2.507826948296242,2.614553091534419,2.1568302270595296,2.1069950048529136,0.8964792416350307,0.9156787486918088,5.060162381227584,2.8196662327310618,4.556567067486862,2.494873665113716,3.878462356459183,2.0772962811374858,0.90287998819048,0.9156992262733404,128,0.2377510152467159,0.198077040343954,0.2969865115944373,0.2871229808403792
1,138,138,75,PI,True,120,-1,0.0,0.1,0.1,100.0,100.0,-1,-1,-1,1.0,com1,0.0,tophat,70,gaussian,160,0,False,-1,False,none,1.0,True,0.02,2.0,1.0,2.0,2.972124618873793,2.7410748352928445,2.554415725094855,2.349894691293509,2.110826662711061,1.8793422840845608,2.59192337749886,2.351978758962648,2.2518045182253275,2.0129907630251087,1.879104370634531,1.5983740162423723,5.421896503543027,1.9183806742839835,4.201194126515525,1.6851741532431257,3.1199425831538004,1.380661653560612,0.5728857141464755,0.6566376685966817,3.800366940735028,3.856064500358245,3.3016049638241185,3.219110278161507,2.702306150444021,2.4892247863476773,0.9307014361046224,0.935615412343074,3.146688672806296,1.6832667952529476,2.71081277190031,1.54635690757736,2.2316285974341805,1.3344486664778796,0.9716686491306916,0.9727794676426528,4.318330310287062,2.6306595127396672,3.859569511043972,2.2215444917412297,3.288373894009774,1.7895982655143734,0.9484231345555492,0.9520914942209776,2.558893111151922,1.7728939986695045,2.2218974424379203,1.601529397654884,1.8984915514913607,1.3616025050217353,0.96001448082587,0.9632379838503756,4.320852230681613,2.637122237293561,3.83976811760926,2.3055920924863225,3.2627553402363194,1.8792013837583532,0.8926656302895295,0.9029938247361676,2.8923406069642925,2.896755763693737,2.558980382864178,2.495685270122458,2.196244392926431,2.0208951522602407,0.8990315860465452,0.918300208739332,4.972395785458327,3.4161313292919537,4.480559840567838,2.992676797754291,3.821413529718277,2.4584155310536144,0.91286617551048,0.9242905377071036,42,0.2591373262006275,0.2219595415440386,0.273132610449838,0.2900237100644685
2,259,259,75,PI,True,120,-1,0.0,0.1,0.1,100.0,100.0,-1,-1,-1,1.0,com1,0.0,tophat,70,gaussian,180,0,False,-1,False,none,1.0,True,0.02,1.0,1.0,2.0,3.921837522450413,2.335803876550423,3.24284578063138,1.9989572153985131,2.5624338223834795,1.5874599477906048,4.011981928588855,2.010081102498331,3.3236165951739443,1.693070989287213,2.6343336650209577,1.321809936302656,5.2675990895781695,1.914664804696052,4.089959461323901,1.6804320215842272,3.047576626923526,1.3747796200548723,0.5528683290136236,0.641238524931656,3.7092174427974265,3.249407902927097,3.218004286038158,2.71269453454245,2.6313821523391665,2.107791344586516,0.9540826211909434,0.9568185109495724,3.161270421245864,1.6688598646167492,2.7230533094985154,1.532681625526067,2.241330579694485,1.32201298548068,0.9704556110435084,0.9714004707042266,4.335648609698904,2.683304947639654,3.871156775508164,2.2615653095467114,3.2935654889630777,1.8162854651746243,0.9467034591498692,0.9502255534839704,2.6345791461514447,1.737323745684229,2.280747816107884,1.5740600023618423,1.9399764051564845,1.3453716626602303,0.9402312878287586,0.9461836994250687,3.319388943107074,3.6992910132223535,2.9403484535589373,3.200233480375821,2.51280031988067,2.560326993681074,0.8930612169226636,0.9029611799347084,2.794417798125917,2.9415075309398597,2.474249754657119,2.529198385955587,2.1306337306913004,2.0430829620458946,0.9068628817080246,0.9250322490139103,5.113607039722206,3.1709376531166216,4.606803445494093,2.803973257933172,3.923216711328744,2.326698722216297,0.9020319149516904,0.9148317515801194,56,0.244835561039288,0.2439546368925827,0.3052679571707697,0.2484281090778982
3,263,263,75,PI,True,120,-1,0.0,0.1,0.1,100.0,100.0,-1,-1,-1,1.0,com1,0.0,tophat,70,gaussian,180,0,False,-1,False,none,1.0,True,0.02,2.0,1.0,2.0,2.796795382570864,2.644973425118873,2.400071534100739,2.3132902549518266,1.9798092739986228,1.8746998299921185,4.8960991358805,2.0626838864051678,4.186079533261959,1.743363102737968,3.4309362490230995,1.366554450279568,5.541431658516215,2.19864100303973,4.276234269110302,1.960610277174006,3.17511368021849,1.6392668590893176,0.6067820552712401,0.686196414991916,3.9835751357845006,3.669662568200138,3.4524772981543683,3.0692970753878988,2.813821526737669,2.380783224946072,0.9205217413995636,0.926280918806568,3.1667635905921734,1.682964300636578,2.72768012547998,1.5458695359642634,2.245015797115183,1.333743114408872,0.970756944984688,0.9717471161009767,4.2979683187420274,2.688134251264431,3.836151707074348,2.2785746401334,3.2665142421575224,1.8446973439248864,0.9405913109211292,0.9450960007581418,2.632874630449439,1.7617507206909688,2.283268324454504,1.592650922994081,1.9442252084895368,1.357321813799867,0.9455381124778036,0.9506337930432122,3.3734315446210505,3.4830327910178847,2.996538596499485,3.0396839524194843,2.569892233873916,2.464689869089825,0.906091116732376,0.9142648450579222,2.8400482489307373,2.9374834766195588,2.512748584783194,2.525725671809849,2.1602228925948794,2.040515561115589,0.9067288934620684,0.9249376601524386,5.063387981248524,3.2996556110528728,4.561442853276708,2.9206423565149846,3.8849986999803687,2.423918904321407,0.901755039654709,0.9145768868562612,88,0.3178707279636746,0.2053782289631424,0.2524992286605295,0.2815690436939901
4,384,384,75,PI,True,120,-1,0.0,0.1,0.1,100.0,1000.0,-1,-1,-1,1.0,com1,0.0,tophat,70,gaussian,140,0,False,-1,False,none,1.0,True,0.02,1.0,1.0,2.0,3.7572806321992274,2.114755550331724,3.0958489504668263,1.8185971656592963,2.421231768493999,1.4557735987630416,2.4371335108417527,2.191164360616526,2.1430451892982,1.883108181739408,1.830036030447707,1.506249524364667,5.223549430363873,1.895003961295544,4.024057908033841,1.688138537489188,2.985643535251252,1.4093606031741066,0.681687943681005,0.7475412200921252,3.5149660536304554,3.622431613799326,3.0651721877788862,3.030000043250042,2.524514226770872,2.349052575580747,0.9298232070797317,0.9332453773001882,3.052005834471616,1.7508394766585187,2.6282039966665223,1.6098458730299543,2.1640965497818985,1.3912908928824153,0.9711408446006784,0.9708683010971958,3.9823198563266833,2.314338316485953,3.552072891523665,1.9895137473685665,3.031012507566972,1.6359051637022306,0.9474986982962011,0.9497121693659344,2.624204516839729,1.7840609406320271,2.2694415886323087,1.6161824088935397,1.93167279123081,1.3797999276684465,0.9651025870631827,0.9658184112790408,3.338428883748921,2.2105881412001915,2.9938474857881805,1.9809940731482445,2.599113994126701,1.6638665407160314,0.8869275756012233,0.896299467578166,2.776355817599926,3.555002650837577,2.459843015370492,3.025815214030376,2.1164899902795096,2.408071025918495,0.896076458584469,0.9167851452047476,4.780001724590659,2.5779642654351806,4.310942683363674,2.281769317168407,3.681616693870703,1.906648498712544,0.9108049357489544,0.9211259866669688,72,0.2684575190364936,0.212912335477324,0.2660486978181755,0.2684637484953446
5,509,509,75,PI,True,120,-1,0.0,0.1,0.1,100.0,1000.0,-1,-1,-1,1.0,com1,0.0,tophat,70,gaussian,160,0,False,-1,False,none,1.0,True,0.02,1.0,1.0,2.0,3.305041790777492,2.107558084310428,2.797120402302413,1.815210668775592,2.2831354609691807,1.456589957763955,2.323370652978009,2.303847080489505,2.0330792210956163,1.9828912042717215,1.729770064785432,1.5889656801169432,5.290362644179065,1.9232828329909784,4.074261717559659,1.7120545621343553,3.018165174848485,1.4290958266603382,0.6894370249104254,0.7569554442356369,3.5725301980722866,3.296100860173261,3.111043782456778,2.7665302622921915,2.5568582232193395,2.1578168342455646,0.9096014404863034,0.9142110039122928,3.057136462027296,1.7622654863678704,2.6324101123402084,1.6201964766674335,2.167131581368817,1.399973070090273,0.9680641525361572,0.9674023248338934,4.001726065987166,2.3663775714694864,3.569660894868317,2.028828178280366,3.045742713381291,1.6633647662669586,0.9447132983643978,0.9467187281629444,2.5895791991553065,1.8325164964947496,2.24468337556265,1.6572003795745311,1.9145542198894172,1.4118832781745874,0.9540175174352384,0.9546324192445316,3.4732696505397493,2.5732228887721464,3.127131926613348,2.287730061497625,2.71970290802863,1.9017045562879955,0.8931632572033801,0.9011601617412496,2.71747267712977,3.457209138190453,2.4076339821719714,2.947997049692097,2.074004768740652,2.351900283612538,0.8949127820253188,0.9158803699933482,4.819466587906707,2.68486723121932,4.345546299469303,2.370974188066461,3.708263109411642,1.976994857348249,0.9433041140065668,0.9479426457646986,286,0.2546177243249553,0.2073387055685507,0.3101831464026102,0.2557475495024175
6,513,513,75,PI,True,120,-1,0.0,0.1,0.1,100.0,1000.0,-1,-1,-1,1.0,com1,0.0,tophat,70,gaussian,160,0,False,-1,False,none,1.0,True,0.02,2.0,1.0,2.0,2.313452855259684,2.163938961482986,1.9924910133669111,1.8677767168928407,1.6656274459845055,1.503679717040782,2.3670665379334155,2.2715300602271564,2.0743476638720195,1.954332984198956,1.767183188540584,1.565782291037778,5.2996352137784815,1.923982120560609,4.077685538950126,1.7128371813408405,3.017314479621529,1.4299381547387735,0.6955459133646859,0.7616550382432747,3.5727091978509224,3.320386301513517,3.1113015755650686,2.787323192191847,2.557234523218207,2.1742072277200464,0.9096154556452136,0.91432679311577,3.0576426920333244,1.787922408098295,2.6326903181972567,1.6441116749978095,2.1672281968538547,1.4211551980164518,0.968521035962409,0.9678966862801128,4.047742176528193,2.358947134053317,3.61011505534993,2.0260691212104045,3.079024537834461,1.6642499494992558,0.9442169268836584,0.9462277595274232,2.579004514384597,1.8255341829334597,2.235387621707332,1.65018992458896,1.906867922880839,1.4051197710201897,0.9576886782819636,0.9581180945821466,3.224709759207834,2.2794300594843198,2.9031201545464085,2.039971202567257,2.536189155467864,1.7087338794379503,0.8881962565957826,0.8971578455540232,2.7691186431267982,3.4709221736736358,2.4524448488985637,2.957567288161476,2.110191552509846,2.357721757038177,0.8952580559289898,0.9161519520343924,4.790307180773649,2.59032603829036,4.32060251258152,2.2917206527162333,3.690127371207837,1.913863000682299,0.9054477385449138,0.9161155430498272,123,0.2481347195571584,0.200819644945988,0.260073402638514,0.2256883433078012
7,2021,2021,75,PI,True,120,-1,0.0,0.1,0.1,1000.0,1000.0,-1,-1,-1,1.0,com1,0.0,tophat,70,gaussian,160,0,False,-1,False,none,1.0,True,0.025,2.0,1.0,2.0,2.906688337534482,2.502691176997748,2.522556942182133,2.1610432527171697,2.103606770750724,1.7413331205882034,2.636312906400313,2.628593285189686,2.2594287400214244,2.2455514195501776,1.8842014737527253,1.7805605163839069,5.452687090261335,2.239958380720769,4.207572504014906,1.980683877136327,3.121802805012417,1.640526787774654,0.6824174173529949,0.750642691472657,3.553350236572302,3.5847041333719702,3.085607091216514,2.996487881068881,2.533992416176896,2.3324421253600423,0.933304238267064,0.9324536591985448,3.2002221083272,1.8944629758925569,2.7347595593462146,1.7477983263256598,2.243801184271543,1.5182496025629113,0.961370296787278,0.9600200897425296,3.991281605757619,2.479932802432081,3.544883752604505,2.1133619547625884,3.0089311174104068,1.7158547687146546,0.930298771698534,0.9326429808602268,2.5744705094241973,1.8735762661825528,2.2338789855146257,1.6935446610952174,1.9082315512889667,1.441124914873342,0.9650263013479448,0.9631753525092136,3.3964118869762583,2.603537816930485,3.050653207558442,2.3094339080866995,2.650336284098876,1.9145565380454943,0.8919854032429615,0.8993032543210233,2.858484805804195,3.4067131966782758,2.5207817339485783,2.895640518854181,2.161460945540617,2.304621761280919,0.8909597103490794,0.9123608750972192,4.737537997318274,2.5240027614633918,4.270265392190021,2.243763768386574,3.644568863201467,1.884636970165044,0.904385892669154,0.9134121509948192,62,0.1788807443729555,0.1286577868822066,0.1883879455148168,0.149784622944902
8,18013,18013,75,PI,True,120,-1,0.02,0.1,0.1,100.0,100.0,-1,-1,-1,1.0,com1,0.0,tophat,70,gaussian,140,0,False,-1,False,none,1.0,True,0.02,2.0,1.0,2.0,2.928239323710935,1.9502216524975244,2.5459072117860275,1.7130644628097644,2.124100803454408,1.4020085592487106,3.821553348523604,1.9457611634161016,3.3034203964950515,1.6809070658807712,2.713529315288102,1.349151147407048,5.57141043506393,1.8771409164410973,4.317409091326883,1.6579540469130036,3.207834684848458,1.36904604373043,0.6813614726293652,0.7388473716595289,3.6404934706703016,4.046067162158747,3.1656069771954183,3.3634981116468534,2.59746806445864,2.58759419622671,0.9386436119115558,0.9430272943124516,3.139360653484219,1.656659797749653,2.705027127692072,1.5227482490309994,2.22707377873348,1.3152908986098333,0.9732367346556522,0.9743587290065964,4.206405209360045,2.526891990978624,3.7562064736389,2.149470875801105,3.2016823088187008,1.747542046591954,0.9454178823658952,0.9497527037709512,2.526788352531645,1.95320588944018,2.192588944081548,1.766385035190009,1.8753925027863776,1.5023493032607018,0.96138027427128,0.964789995736202,4.247607694866197,2.65294095019871,3.7665538968312298,2.329367543534281,3.192881949487324,1.908110937063981,0.8983562402796152,0.9080401970537256,2.831433647477723,3.057380396503572,2.507577793649055,2.6251053255200745,2.15607439290752,2.1150380261361903,0.8961516777548566,0.9153920919433278,4.882485944164682,3.236498875882268,4.40322538617674,2.840125475664706,3.760367725195496,2.339568148768503,0.9120090984566092,0.923622737180379,173,0.2570342513355451,0.2148911576443224,0.2931732349395987,0.2879075579535571
9,18259,18259,75,PI,True,120,-1,0.02,0.1,0.1,100.0,100.0,-1,-1,-1,1.0,com1,0.0,tophat,70,gaussian,180,0,False,-1,False,none,1.0,True,0.02,1.0,1.0,2.0,3.957492889884427,2.315207547154538,3.2723462864684403,1.983972115719088,2.5841944956768894,1.5782786121100802,2.3735956534537035,1.9547707219167645,2.0472235708283866,1.661896683788899,1.7112947308226965,1.3132457745120392,5.2466653152743765,1.8854694786436343,4.069777388936743,1.6563966009059576,3.0292569797125526,1.3567746029890395,0.5541125800660337,0.6421033081084702,3.707517692380456,3.248811903360568,3.2164192877965507,2.7128277748485794,2.630058212611964,2.1086366069667397,0.954150041501286,0.9568751308642324,3.1656557540732053,1.6648201758039498,2.7268892617645024,1.5292510614289618,2.244515860254859,1.319502113196503,0.9704751772903274,0.9713840964301264,4.360361922155276,2.6466620602794,3.8877068150247984,2.23124687973307,3.3021856764591995,1.793317454704338,0.9439374775011264,0.9478748900702048,2.6433789492898323,1.7448942892838686,2.28586550639849,1.5810011670395028,1.942761521196167,1.3514031766338384,0.9397776293008338,0.945658762509675,4.144712132650063,4.98922245754112,3.7365798632145766,4.341666522662474,3.236187349868197,3.493730725140718,0.9226910896508338,0.9284956364706826,2.783102706078025,2.936880573647149,2.46442451575294,2.524441239974868,2.122483347555413,2.0384365775318254,0.9056670461295634,0.9240189094338735,5.110240121007275,3.1225624706149198,4.603525926835465,2.765191744825075,3.920319165863048,2.298688709131292,0.9024336179659788,0.9152107512973328,15,0.2513743637027729,0.2339662897547163,0.3044112924094466,0.2460046323002444
10,18263,18263,75,PI,True,120,-1,0.02,0.1,0.1,100.0,100.0,-1,-1,-1,1.0,com1,0.0,tophat,70,gaussian,180,0,False,-1,False,none,1.0,True,0.02,2.0,1.0,2.0,2.485063657963065,1.7813024792589802,2.132518627614137,1.561356306444244,1.7721308809347835,1.2784704318002886,4.306219703805745,2.331924850059845,3.604608013106122,1.960148765508823,2.8693245597419352,1.528572280071439,5.499447022952512,2.10930566945198,4.243607802676259,1.8673028221913135,3.147679759186256,1.5484408862533905,0.597098644247728,0.6758198627304601,3.8623731968426633,3.7498337676439486,3.3534468722908297,3.14156690769183,2.741285472660884,2.4400041758762923,0.9236751697300892,0.9291822257878146,3.15879496870655,1.656957804546382,2.721878938881098,1.5223190743801418,2.240855271862377,1.313774889035952,0.971073688300332,0.9719844970104824,4.267192620803716,2.650501357601577,3.810363339143317,2.248822300137191,3.246705837169866,1.822583160377121,0.941036612116058,0.9454486937588537,2.6416013719198994,1.7716227313277906,2.286887180915402,1.6013886814029694,1.945056057724868,1.3644879754953627,0.9441925453527008,0.9495403688958076,3.5733093595909837,3.8248706798821535,3.147967740086267,3.307293038999366,2.665083289752457,2.6451361287251234,0.8990835997447977,0.9081474564842614,2.823932561515793,2.947423422823951,2.499746077508884,2.534469282705453,2.1508471386556587,2.047916980413167,0.9068309122558362,0.924954489470891,4.978685912497853,3.4539713776173744,4.4848836969180566,3.025978147759224,3.823540596994952,2.485352838044867,0.911845907385162,0.923340139588396,283,0.2695329188001337,0.2428908824398089,0.2506457329589227,0.2504522963249014
11,18388,18388,75,PI,True,120,-1,0.02,0.1,0.1,100.0,1000.0,-1,-1,-1,1.0,com1,0.0,tophat,70,gaussian,140,0,False,-1,False,none,1.0,True,0.02,2.0,1.0,2.0,2.455828123839278,2.670923748354096,2.1235540080846724,2.299198270408136,1.7757982684460358,1.8427125319662037,2.3408864088184957,2.2747365381514166,2.051298444304198,1.9555265338668395,1.746543214486877,1.5647379372468602,5.244790317091649,1.8981269136863528,4.040170031519455,1.6913493476729715,2.996959781122671,1.4126858646182747,0.6844071745341804,0.7498594105757409,3.5369021416568662,3.882275372664761,3.0799025729349614,3.237590936521461,2.533490365767329,2.500118273623121,0.9365622849477592,0.9397141925695108,3.0470622122229405,1.7789824427750096,2.62408027992759,1.635615773887639,2.1609746612185563,1.4133871094672166,0.9717996069013256,0.9715558934966684,3.946930366613031,2.299425121475989,3.5208298317887445,1.9789221658621416,3.0053428684990013,1.628724954259308,0.9467666841938148,0.9490367293583296,2.592738212564347,1.7730087838045585,2.245023968942509,1.6041862016677877,1.9135214558396951,1.367187013535121,0.9681513836042752,0.9685906978002672,3.2835266653213995,2.334850296910357,2.951314665811325,2.086635482647972,2.5708123156252154,1.7452745540264183,0.8875983485583792,0.8969639624155715,2.740577321284598,3.5967411981107347,2.42811845328141,3.0610778897566018,2.090958729508711,2.4365101404442253,0.8960756277807765,0.9167746252623664,4.8045879735580685,2.547008413762481,4.328700745227185,2.260166660417735,3.690734591646124,1.893636851575148,0.9355816340485232,0.942654585735185,174,0.2440662790194149,0.2044070238312039,0.2450638035956138,0.2396917292196918
12,18392,18392,75,PI,True,120,-1,0.02,0.1,0.1,100.0,1000.0,-1,-1,-1,1.0,com1,0.0,tophat,70,gaussian,140,0,False,-1,False,none,1.0,True,0.025,1.0,1.0,2.0,4.133459102783307,2.3832430716928643,3.468430089351064,2.042399115461888,2.767895694865085,1.629292655883907,2.315675287996126,2.891764774101813,2.0392634381267687,2.4728384794096194,1.739304165869185,1.9649361708810005,5.267889140637335,1.9760574058023133,4.071108118793031,1.7554087405386558,3.0286141748559814,1.4614762691558416,0.7492354943213666,0.8003682178729561,3.633010882270305,3.938772338342032,3.151332720246543,3.288955808833623,2.5801513327266186,2.5433679179158597,0.933140499027779,0.9368638483994508,3.082034011311709,1.8392079087657955,2.6537169800222067,1.6921120094261637,2.1854375713521805,1.463368776814533,0.971145743774186,0.9712462420303808,3.8893271068217943,2.382789163480038,3.4621099964030555,2.051042124541076,2.950983540072211,1.6889739710236111,0.9467966163042588,0.9490243341788764,2.5994904174181594,1.852124150841224,2.2476149016967826,1.674174882250096,1.9145856586266088,1.424428722598472,0.9691279687145568,0.96981694329221,3.669407098436339,2.354035957918195,3.2683802185359845,2.103723239656733,2.803065118807119,1.7606584819030364,0.8882042613440477,0.8973714509230417,2.8725960726134767,3.898399693529613,2.537429412577825,3.3119276160508853,2.175494000812604,2.6296704138059344,0.8879709553019275,0.9102574498806508,4.960218142902489,2.697983313726465,4.461769100255555,2.386877797639812,3.79543735047578,1.9933994308762524,0.924598676402214,0.932911749579705,83,0.1942945734707435,0.1129420872864607,0.2072799991895672,0.19833151750216
13,18509,18509,75,PI,True,120,-1,0.02,0.1,0.1,100.0,1000.0,-1,-1,-1,1.0,com1,0.0,tophat,70,gaussian,160,0,False,-1,False,none,1.0,True,0.02,1.0,1.0,2.0,2.8842443144670717,2.6838031856082463,2.4196969026741435,2.3450483746546613,1.96195334781714,1.910591045885985,2.437171581764587,2.1800445828676733,2.139325544613939,1.8748703284254784,1.8250214303526653,1.5016364685608223,5.284138039485562,1.922281613826252,4.0694969444058176,1.7112757351591383,3.014968917871227,1.428571272082585,0.6926043288693503,0.7593469520416233,3.570571001559975,3.29814218519615,3.109694617062964,2.7678291929701246,2.5560868280675737,2.1584323864409103,0.9099678543928718,0.9145617610511738,3.0529770313051623,1.7660374313173597,2.6289345631946097,1.623735728086651,2.164481391784452,1.4031589535054645,0.9680316350436272,0.9673778763562796,4.014250029849332,2.3694486471335265,3.5819154507020707,2.0344209322083437,3.056830655560385,1.6705935839093078,0.9439612445308928,0.945971232713279,2.5875215247339134,1.818769022449077,2.240677031004733,1.6447443575680645,1.9096749187372295,1.401569893131826,0.9540382893724384,0.9548568338133524,3.514911199740523,2.729496057777184,3.163448211317621,2.4183417580186384,2.7481649119000893,2.0017591798246253,0.8944444446502947,0.9022294799659925,2.7263454672522656,3.49038198051361,2.4141847004017563,2.979675414279671,2.0783268308904708,2.37976332871812,0.8953209686107155,0.916204710651494,4.804150173634958,2.672288911035005,4.331212847475402,2.3616957376199035,3.6956230452531593,1.9708393941523987,0.9438968173201544,0.9484501539223804,151,0.2700715959581022,0.2074477780906151,0.2525297601339849,0.2510934530002966
14,18513,18513,75,PI,True,120,-1,0.02,0.1,0.1,100.0,1000.0,-1,-1,-1,1.0,com1,0.0,tophat,70,gaussian,160,0,False,-1,False,none,1.0,True,0.02,2.0,1.0,2.0,2.3051697785881142,2.14559737594544,1.9864992171672944,1.853612065494121,1.6617407650075535,1.4937848247166858,2.3493862373023613,2.2695794031074974,2.05633342242298,1.952946511063574,1.7502706507948775,1.5649360961359575,5.299209324738575,1.9225619016953537,4.077912716726996,1.711173912381861,3.01781468166833,1.428183759018107,0.6966146536726263,0.7624452150369986,3.569745450317083,3.324588077427213,3.1093405871926474,2.79058970625043,2.5562242537039164,2.1764116436122545,0.9095408137274428,0.9142689761453228,3.055659951910373,1.7964680015050696,2.6310808749909813,1.6520477122193855,2.166068857024289,1.428117937514671,0.9688751534787166,0.96824993695059,4.390995587150014,2.592842877362654,3.9118353343217462,2.20030822474651,3.319433113878273,1.7810436010743926,0.9377069023392276,0.9393418759812632,2.5754942833041685,1.814949573269649,2.232911996046591,1.6409109357171323,1.9050456650228391,1.3974767250326698,0.9580578981629728,0.9584728327788904,3.2983611038255813,2.181655095507217,2.9642158397783858,1.9585899002885956,2.581816368825546,1.6476914162829572,0.8916140208519208,0.9000694893822045,2.734309244046337,3.4630635367817484,2.4222902444212018,2.9524584629695685,2.086127413134126,2.355363778772063,0.8929246156511028,0.914312027332797,4.790851312755379,2.6008384427669515,4.320797647623687,2.301017624158736,3.6900012322683415,1.9220238275047037,0.9058436905264512,0.9164559516082624,189,0.2444523494627901,0.1989471449804787,0.2625032845716101,0.2227974020099491
15,19892,19892,75,PI,True,120,-1,0.02,0.1,0.1,1000.0,1000.0,-1,-1,-1,1.0,com1,0.0,tophat,70,gaussian,140,0,False,-1,False,none,1.0,True,0.025,1.0,1.0,2.0,2.879837423367369,2.7353177766044694,2.495464247060695,2.3592203951628896,2.0791666481993003,1.8978404122512151,2.4577931666326864,3.072830694588267,2.169098445525907,2.604892025748186,1.8518530665114337,2.046693418241805,5.472469223279754,2.142070762931092,4.20894139145592,1.897216823413648,3.1095907334998025,1.5751343513141045,0.6000602867954767,0.6831144795403084,3.437250748056669,3.5202378073963305,2.992066554093399,2.937707316301667,2.462921317101252,2.2795305926444973,0.9486946910301876,0.9486685152340611,3.033559966441839,1.8646891916174888,2.6151598755434518,1.7170149257654403,2.15714770327782,1.486988342646099,0.9705084635776132,0.9694933794700712,3.766429467332857,2.4052461130111147,3.345896611584884,2.0547093090230217,2.8477288466816475,1.6751213125886135,0.941507480581198,0.9422276606725528,2.594032412818648,1.838757875420807,2.2524001534859046,1.656625321092399,1.9262351845038077,1.4038554481245331,0.967415710318815,0.9663181662473193,3.521704980749825,2.5904799406562797,3.145574671367682,2.303076605989188,2.708541903368137,1.9181009530994064,0.9025165558001036,0.908455415678378,2.721869986206843,3.801523727179621,2.395135515164591,3.2303291203834674,2.0532598812909044,2.565591728790066,0.8878220489998058,0.9102714747176852,4.846428703237965,2.5262299177053724,4.359782801079551,2.244394732441428,3.7094212832921714,1.8839521224825373,0.927011985259978,0.9333436037807284,212,0.1864857707068754,0.1167923504275309,0.1880121967011022,0.2201845967117939
16,36138,36138,75,PI,True,120,-1,0.05,0.1,0.1,100.0,100.0,-1,-1,-1,1.0,com1,0.0,tophat,70,gaussian,160,0,False,-1,False,none,1.0,True,0.02,2.0,1.0,2.0,2.3589801973853515,2.335136072051998,2.0277020712708844,2.044684496736637,1.6768803748622054,1.6633977027414906,3.1040314037308763,2.713029596131197,2.684412930090605,2.241943718510276,2.2409359119449226,1.7077245763441034,5.198032763977614,2.053301637978116,4.0242741040834105,1.8236257158194635,2.997551466376566,1.517670334124718,0.5610455895618063,0.6493766811347198,3.681129407005601,3.3847479215329344,3.194416679484246,2.822522217138152,2.613211707824271,2.189540181763037,0.9554899300271922,0.95879004972147,3.148143005191835,1.719631841810509,2.713041542310208,1.5800389109163764,2.2341496647324197,1.363855545060844,0.9719840120551988,0.9730219054189928,4.24570575104104,2.612563750896283,3.792313679843182,2.2201195914866605,3.232850012687265,1.8029202981752968,0.9441492938316072,0.9483771744613666,2.528998661142864,1.9339927377081727,2.1923210670659508,1.7499458126179526,1.8740756798537133,1.4893402099835404,0.9601630609328006,0.9635068586333514,3.755662937487737,2.42609435517136,3.3792151307148184,2.1679595609983826,2.924772222778228,1.8199107436955329,0.9355681507025182,0.9391678467655534,2.8543948507757877,2.979183643670734,2.527906019723109,2.560637246038195,2.173462120061029,2.067308624992471,0.9028635282664164,0.9213829158352514,4.974763530591682,3.281160673775493,4.483464746250642,2.873106223465276,3.824902088691907,2.3624223917438205,0.9144611637354682,0.9256614005347122,131,0.2947147918509772,0.1893689627008608,0.220917492011559,0.269458540864458
17,36259,36259,75,PI,True,120,-1,0.05,0.1,0.1,100.0,100.0,-1,-1,-1,1.0,com1,0.0,tophat,70,gaussian,180,0,False,-1,False,none,1.0,True,0.02,1.0,1.0,2.0,2.4863523096324327,2.36724248821815,2.1469920061241035,2.0767886587381224,1.788750831440313,1.6953628266907277,3.468829951611002,1.882150314586898,3.012056678164987,1.6261295766214203,2.495084801520935,1.3057211545636311,5.324111338290269,2.157316101414185,4.133303903641726,1.8992276967427908,3.0938740546249464,1.5616150575253394,0.4883615925751998,0.5886847628670188,3.825382205476998,3.754998338759289,3.32217383674025,3.132657519896694,2.717140369265454,2.423379642585349,0.9314921529155256,0.93592823233835,3.162368397142645,1.6727464501623648,2.7241938120573286,1.536615161262044,2.2424819059919274,1.3258954171044972,0.9708071392700476,0.9716870246844052,4.328603966999528,2.621914573230136,3.866423154663989,2.2153856571610224,3.290922888384382,1.7842389477978509,0.9485854935309734,0.9519704507364616,2.628986965213917,1.7746271597155785,2.2746942264026666,1.605673913720877,1.93449873621298,1.3700372392796083,0.9421440040066172,0.9476346391611672,3.53516207814255,3.662993005354128,3.117602561989859,3.165664882818347,2.6431622282189093,2.5311359092044383,0.8982073473063923,0.9073617764355943,2.7963524479478425,3.1555258240997,2.478978056364853,2.691942793435016,2.1358451722089544,2.154000232646522,0.907167465268074,0.9251183060068848,5.112759850308711,3.1669957626963354,4.60574310640269,2.804510167866656,3.922230192954223,2.3310462325097627,0.9029434762209012,0.9156403210694938,181,0.2651989706596204,0.2216243704936132,0.260725473945935,0.2774578600016269
18,36263,36263,75,PI,True,120,-1,0.05,0.1,0.1,100.0,100.0,-1,-1,-1,1.0,com1,0.0,tophat,70,gaussian,180,0,False,-1,False,none,1.0,True,0.02,2.0,1.0,2.0,3.904948547745617,1.8732494759080396,3.30438481575762,1.616387014124551,2.6446010386125822,1.2985378051750214,3.353576141867519,1.8882666829285968,2.9154707414444,1.6305221718748382,2.4222466739812174,1.3079026242438112,5.35698514305712,1.9243668472886093,4.15683992820866,1.6898012424093267,3.0934091580743783,1.3836430383874745,0.5605150281155277,0.6471092028019177,3.7188439351508817,3.2953834067857777,3.2252365772165046,2.749996622697395,2.6362098270033982,2.13587644921145,0.9544766753729614,0.9574203307063116,3.16861864550882,1.689973349141466,2.729330341168086,1.5523624251692136,2.24649047551852,1.339403084559084,0.9707735463568308,0.971725235194994,4.276005308232541,2.5767129886788083,3.8166668137851407,2.1924908658022835,3.250968748133824,1.7828873110649957,0.944487691751018,0.9484691313381856,2.6305947904725024,1.7979235399946485,2.279246115130733,1.6242437033613526,1.940112827156072,1.3829869774305672,0.9448788968973992,0.9501596152648516,4.168202515278399,2.931192873963945,3.725135392357972,2.5460604331972623,3.1907228969859345,2.056979437725493,0.8897724565841769,0.900397966540608,2.819558160477044,3.014965040399725,2.4957094193647773,2.5862688783816745,2.1475002647847456,2.0836883490845786,0.9075290164086786,0.9255428116162068,4.97706169585479,3.0860514975142763,4.480609690138449,2.729323458496279,3.812699188307725,2.267674890273932,0.8993961388477147,0.9125365800271168,46,0.2492234436655428,0.2112500034349867,0.2424595569872625,0.2301392864103584
19,36384,36384,75,PI,True,120,-1,0.05,0.1,0.1,100.0,1000.0,-1,-1,-1,1.0,com1,0.0,tophat,70,gaussian,140,0,False,-1,False,none,1.0,True,0.02,1.0,1.0,2.0,2.852267350924177,2.6533111003268366,2.465915717318874,2.2801210751688163,2.0447919809152117,1.8254638493280968,2.3163751062315567,2.2527775772328447,2.0269370208365958,1.935595044843392,1.7239298843516706,1.5476032728799238,5.225515363734915,1.9031372684199408,4.027786316909065,1.6948501513194012,2.990090863136329,1.4145419738961682,0.6885214801863834,0.752695960254583,3.532805690169898,3.86551320604029,3.0761947597970347,3.2247912364408937,2.530233056397545,2.4909886357968607,0.9352717984846314,0.9386873555475306,3.042789395818645,1.7646362382815874,2.620366640211551,1.6224567089002278,2.158049624984016,1.402086774227921,0.9714601213544456,0.9711994528016732,4.097443769558689,2.29817919318664,3.6585594490988016,1.98398638489209,3.122439801043048,1.6378617931985564,0.9475175252950702,0.9496473348983344,2.5820372845746937,1.7844575503345157,2.234924700868357,1.6134910699866825,1.90471175131098,1.373989583780846,0.9674761391559692,0.9679679513824816,3.2865620917463816,2.2991631588174366,2.949880017077537,2.05664923631587,2.5661436642919657,1.7226106751755954,0.8881705376880865,0.8974927861461724,2.730802673182412,3.580088378364959,2.419292818861486,3.0439992110866254,2.083688738383483,2.4201981826894383,0.8933904031750157,0.9146486946976706,4.73321638955342,2.5790857250124075,4.258121814178434,2.3072586673932616,3.626079558505528,1.953553267197461,0.9189949872576088,0.9281193763837784,113,0.2515650858085671,0.2056695447505261,0.2637776075115688,0.2349610111002864
20,36388,36388,75,PI,True,120,-1,0.05,0.1,0.1,100.0,1000.0,-1,-1,-1,1.0,com1,0.0,tophat,70,gaussian,140,0,False,-1,False,none,1.0,True,0.02,2.0,1.0,2.0,2.4156965464816613,2.693772263540431,2.086236211113384,2.316564062681748,1.7430714014759094,1.8545738998193493,2.3255200219735053,2.2839360100314323,2.03546096673798,1.962293906882202,1.7312869185669568,1.5689334752209168,5.299947284630735,1.861850314785158,4.078587429092575,1.6576304606656167,3.024628681454285,1.3829572174879543,0.6778675264158648,0.7441028923585646,3.548281742359164,3.880635556725656,3.087716983761573,3.2388235923959376,2.5377385318144423,2.503297803204388,0.9346706162673034,0.9382153332093616,3.0526809975542504,1.7855139678324383,2.629492445189593,1.6417703660916023,2.1656522497492388,1.418984620381363,0.9712239424429128,0.9710116654929551,4.24585055367621,2.3916947605767187,3.7909008659789145,2.040777034909273,3.229450216082125,1.661642463292849,0.94946427495443,0.9510583710142776,2.574605338523124,1.8125737046161357,2.231705248468731,1.63836640134151,1.9041465413440577,1.3944849780873978,0.9688728006465503,0.9692544016592765,3.302498638695875,2.33635548018133,2.9644951717674792,2.08842172729181,2.578019095305875,1.7475036555117822,0.8883913658846339,0.8976688768138018,2.7467948233365904,3.611049430353918,2.432889750808673,3.067687199548909,2.0947581153746637,2.437039569227622,0.8880519852411328,0.9104053342130848,4.733634998710335,2.5456637474754302,4.263570539010734,2.265665365851254,3.636250936933743,1.9061420212901672,0.9150531880465462,0.9247152233253658,272,0.2388419786607679,0.1962550697093667,0.2415040579108444,0.2428706212863094
21,36505,36505,75,PI,True,120,-1,0.05,0.1,0.1,100.0,1000.0,-1,-1,-1,1.0,com1,0.0,tophat,70,gaussian,160,0,False,-1,False,none,1.0,True,0.015,2.0,1.0,2.0,2.295255768925929,2.004570475763733,1.9857061375776413,1.7383117039967353,1.6672760050424351,1.4053216231873782,3.1022950976768318,1.9580027019741493,2.591752390888975,1.6547219263515471,2.0909766803738288,1.2967605368068642,5.23723058110532,1.8821200125353368,4.0367997444328765,1.6728630484250582,2.9927312589198265,1.393344904433509,0.6689847248668852,0.7413485255677325,3.558907348438781,2.972847045206805,3.1012704157724458,2.50971583387324,2.5501009215568917,1.972641820148593,0.9029271438244088,0.9080804580793111,3.033680366234112,1.7633324959975778,2.5961285283804205,1.615527266405855,2.1324546614896867,1.3881386009250731,0.9565097950999846,0.9566943724186142,4.291033038377905,2.4932049235316374,3.831649779296847,2.1091891971667787,3.261439561828758,1.7000696675022071,0.94323605091468,0.9447112812085005,2.600054223349027,1.7664300717130643,2.249513890722183,1.598638783229476,1.914944156913133,1.3634131509625047,0.9442233707630197,0.945282776685496,3.581228761646055,2.836926287526512,3.235988141155985,2.5236962581087616,2.818770138627074,2.1019747482874496,0.9344420377012124,0.9358526470645244,2.8156808368384305,2.740065312689896,2.483172719985329,2.3644796137816,2.1298000868427525,1.9163057260146197,0.8942989525064537,0.9153776292157688,4.68910702674795,2.6817511145138715,4.2333579748253065,2.3712422428418485,3.6210140401930153,1.976138980505087,0.90535153101096,0.9163320416231254,262,0.3199577434161863,0.3477432880480897,0.3838828718820407,0.3036815772644821
22,38013,38013,75,PI,True,120,-1,0.05,0.1,0.1,1000.0,1000.0,-1,-1,-1,1.0,com1,0.0,tophat,70,gaussian,160,0,False,-1,False,none,1.0,True,0.02,2.0,1.0,2.0,2.7299078473305864,2.2186202927921843,2.36919872038218,1.913401268921628,1.980865188780225,1.5383423467857391,2.4334132699584394,2.481849575620673,2.1095475773854813,2.122249222891869,1.7622143311976164,1.683989246475844,5.6236009316728754,1.948034371154678,4.346088593006505,1.7167731448152117,3.221689202338161,1.4149464891919257,0.6367106814966613,0.7172400339960112,3.5079792451469523,3.2573434185663586,3.044468669808224,2.718541324061674,2.49747936261892,2.1123919124770163,0.9367422800420966,0.934600579642912,3.081286760843211,1.7671211121619517,2.6511982791213096,1.626798612782283,2.18295564274329,1.4089094020146329,0.9626008053898848,0.960814181277838,3.846661420177688,2.202856159021182,3.419584978195775,1.8895636651688996,2.911673363355036,1.5471541873316568,0.9246795931452124,0.9269329409169322,2.5577979544151277,1.861116425127692,2.216223784243272,1.679740075028648,1.8918744873317963,1.4275709326980546,0.95403695006731,0.951864007812221,3.3133486022839342,2.369637705969793,2.967470378992476,2.107813862027473,2.5697587257433168,1.7541278240208389,0.8894515898957002,0.8974445984113151,2.810482520300943,3.3021253121959435,2.4771280227273613,2.8130763068050038,2.125362127016297,2.2438580999897755,0.8934295671981732,0.9142543013484478,4.744216068128325,2.42049832989656,4.2782880943899615,2.154097885782372,3.6537816922233337,1.8114682393516803,0.8838618444918387,0.8964380218646563,64,0.2326793813356178,0.2099485131545244,0.2613050894021001,0.2303889111020542
